activity,weekday,time,trainer
кардіо,понеділок,07:30,Сергій
йога,понеділок,18:00,Олена
силове,понеділок,19:30,Андрій
пілатес,вівторок,10:00,Марина
розтяжка,вівторок,20:00,Ірина
кардіо,середа,07:30,Сергій
йога,середа,18:30,Олена
силове,середа,19:00,Дмитро
пілатес,четвер,10:00,Марина
розтяжка,четвер,19:30,Ірина
кардіо,п'ятниця,07:30,Сергій
йога,п'ятниця,18:00,Наталія
силове,п'ятниця,19:00,Андрій
кардіо,субота,10:00,Дмитро
пілатес,субота,11:00,Марина
йога,субота,12:00,Олена
розтяжка,неділя,11:00,Ірина
силове,неділя,16:00,Дмитро
пілатес,неділя,18:00,Наталія
